Title,State,FiscalYear,Amount
Title I: Commodities,AL,2018,"$130,378,647.99"
Title I: Commodities,AL,2019,"$39,749,126.32"
Title I: Commodities,AL,2020,"$65,908,845.14"
Title I: Commodities,AL,2021,"$92,702,978.07"
Title I: Commodities,AL,2022,"$63,671,273.80"
Title I: Commodities,AK,2018,"$327,181.34"
Title I: Commodities,AK,2019,"$585,920.33"
Title I: Commodities,AK,2020,"$492,221.69"
Title I: Commodities,AK,2021,"$173,490.96"
Title I: Commodities,AK,2022,"$124,165.67"
Title I: Commodities,AZ,2018,"$27,635,480.79"
Title I: Commodities,AZ,2019,"$19,684,956.74"
Title I: Commodities,AZ,2020,"$24,118,287.76"
Title I: Commodities,AZ,2021,"$66,634,975.42"
Title I: Commodities,AZ,2022,"$24,578,235.66"
Title I: Commodities,AR,2018,"$505,591,674.62"
Title I: Commodities,AR,2019,"$287,389,700.16"
Title I: Commodities,AR,2020,"$353,070,971.52"
Title I: Commodities,AR,2021,"$331,347,636.25"
Title I: Commodities,AR,2022,"$190,846,726.45"
Title I: Commodities,CA,2018,"$145,373,671.54"
Title I: Commodities,CA,2019,"$72,558,488.78"
Title I: Commodities,CA,2020,"$50,565,819.88"
Title I: Commodities,CA,2021,"$181,450,496.46"
Title I: Commodities,CA,2022,"$67,624,560.18"
Title I: Commodities,CO,2018,"$165,032,824.07"
Title I: Commodities,CO,2019,"$96,070,850.20"
Title I: Commodities,CO,2020,"$60,507,916.83"
Title I: Commodities,CO,2021,"$137,745,612.42"
Title I: Commodities,CO,2022,"$54,586,621.83"
Title I: Commodities,CT,2018,"$1,567,521.00"
Title I: Commodities,CT,2019,"$1,258,157.67"
Title I: Commodities,CT,2020,"$535,331.77"
Title I: Commodities,CT,2021,"$2,738,660.93"
Title I: Commodities,CT,2022,"$1,194,042.08"
Title I: Commodities,DE,2018,"$12,514,663.83"
Title I: Commodities,DE,2019,"$1,844,117.99"
Title I: Commodities,DE,2020,"$6,791,844.80"
Title I: Commodities,DE,2021,"$5,353,955.94"
Title I: Commodities,DE,2022,"$1,206,783.70"
Title I: Commodities,FL,2018,"$60,438,811.96"
Title I: Commodities,FL,2019,"$35,339,427.89"
Title I: Commodities,FL,2020,"$43,537,129.51"
Title I: Commodities,FL,2021,"$50,556,422.80"
Title I: Commodities,FL,2022,"$32,432,087.84"
Title I: Commodities,GA,2018,"$278,389,532.06"
Title I: Commodities,GA,2019,"$158,280,589.95"
Title I: Commodities,GA,2020,"$204,531,687.40"
Title I: Commodities,GA,2021,"$283,968,350.24"
Title I: Commodities,GA,2022,"$210,724,235.29"
Title I: Commodities,HI,2018,"$4,137,906.05"
Title I: Commodities,HI,2019,"$1,597,747.56"
Title I: Commodities,HI,2020,"$4,312,962.74"
Title I: Commodities,HI,2021,"$3,800,436.41"
Title I: Commodities,HI,2022,"$1,750,338.00"
Title I: Commodities,ID,2018,"$114,130,410.95"
Title I: Commodities,ID,2019,"$90,956,586.38"
Title I: Commodities,ID,2020,"$42,342,919.95"
Title I: Commodities,ID,2021,"$116,223,208.75"
Title I: Commodities,ID,2022,"$61,794,857.91"
Title I: Commodities,IL,2018,"$391,932,402.84"
Title I: Commodities,IL,2019,"$68,905,416.19"
Title I: Commodities,IL,2020,"$16,839,978.40"
Title I: Commodities,IL,2021,"$416,934,835.15"
Title I: Commodities,IL,2022,"$25,016,352.04"
Title I: Commodities,IN,2018,"$297,522,122.89"
Title I: Commodities,IN,2019,"$61,258,581.90"
Title I: Commodities,IN,2020,"$9,411,468.48"
Title I: Commodities,IN,2021,"$221,928,473.16"
Title I: Commodities,IN,2022,"$14,173,318.04"
Title I: Commodities,IA,2018,"$257,433,790.57"
Title I: Commodities,IA,2019,"$63,702,728.18"
Title I: Commodities,IA,2020,"$54,053,524.41"
Title I: Commodities,IA,2021,"$333,155,111.52"
Title I: Commodities,IA,2022,"$24,655,094.42"
Title I: Commodities,KS,2018,"$489,856,420.25"
Title I: Commodities,KS,2019,"$335,013,832.17"
Title I: Commodities,KS,2020,"$230,963,199.76"
Title I: Commodities,KS,2021,"$466,141,292.86"
Title I: Commodities,KS,2022,"$150,845,900.41"
Title I: Commodities,KY,2018,"$99,069,525.56"
Title I: Commodities,KY,2019,"$19,436,319.94"
Title I: Commodities,KY,2020,"$13,521,794.18"
Title I: Commodities,KY,2021,"$60,978,631.08"
Title I: Commodities,KY,2022,"$12,572,894.39"
Title I: Commodities,LA,2018,"$205,549,013.60"
Title I: Commodities,LA,2019,"$104,579,468.23"
Title I: Commodities,LA,2020,"$145,451,067.90"
Title I: Commodities,LA,2021,"$158,461,421.26"
Title I: Commodities,LA,2022,"$83,545,772.79"
Title I: Commodities,ME,2018,"$3,791,201.52"
Title I: Commodities,ME,2019,"$3,772,057.71"
Title I: Commodities,ME,2020,"$994,164.57"
Title I: Commodities,ME,2021,"$6,439,852.08"
Title I: Commodities,ME,2022,"$2,939,576.33"
Title I: Commodities,MD,2018,"$36,225,882.40"
Title I: Commodities,MD,2019,"$8,368,445.38"
Title I: Commodities,MD,2020,"$13,111,316.78"
Title I: Commodities,MD,2021,"$23,043,484.40"
Title I: Commodities,MD,2022,"$6,317,601.86"
Title I: Commodities,MA,2018,"$2,181,262.69"
Title I: Commodities,MA,2019,"$1,583,829.64"
Title I: Commodities,MA,2020,"$2,673,427.89"
Title I: Commodities,MA,2021,"$4,036,313.87"
Title I: Commodities,MA,2022,"$2,309,512.00"
Title I: Commodities,MI,2018,"$170,786,984.08"
Title I: Commodities,MI,2019,"$82,267,179.96"
Title I: Commodities,MI,2020,"$26,542,307.14"
Title I: Commodities,MI,2021,"$126,200,209.23"
Title I: Commodities,MI,2022,"$27,520,548.65"
Title I: Commodities,MN,2018,"$249,261,643.68"
Title I: Commodities,MN,2019,"$73,072,043.17"
Title I: Commodities,MN,2020,"$89,400,292.51"
Title I: Commodities,MN,2021,"$455,197,818.06"
Title I: Commodities,MN,2022,"$76,239,144.27"
Title I: Commodities,MS,2018,"$164,118,143.89"
Title I: Commodities,MS,2019,"$65,566,365.64"
Title I: Commodities,MS,2020,"$113,050,525.79"
Title I: Commodities,MS,2021,"$187,674,526.43"
Title I: Commodities,MS,2022,"$92,954,808.60"
Title I: Commodities,MO,2018,"$281,924,900.24"
Title I: Commodities,MO,2019,"$176,833,289.84"
Title I: Commodities,MO,2020,"$156,244,592.61"
Title I: Commodities,MO,2021,"$224,768,059.18"
Title I: Commodities,MO,2022,"$64,615,466.66"
Title I: Commodities,MT,2018,"$304,509,500.64"
Title I: Commodities,MT,2019,"$180,441,658.38"
Title I: Commodities,MT,2020,"$87,617,768.41"
Title I: Commodities,MT,2021,"$220,804,613.59"
Title I: Commodities,MT,2022,"$135,777,950.98"
Title I: Commodities,NE,2018,"$656,945,493.08"
Title I: Commodities,NE,2019,"$130,060,860.87"
Title I: Commodities,NE,2020,"$66,820,744.64"
Title I: Commodities,NE,2021,"$275,364,269.35"
Title I: Commodities,NE,2022,"$36,934,772.66"
Title I: Commodities,NV,2018,"$2,085,107.00"
Title I: Commodities,NV,2019,"$3,639,397.27"
Title I: Commodities,NV,2020,"$3,982,440.79"
Title I: Commodities,NV,2021,"$20,929,296.01"
Title I: Commodities,NV,2022,"$3,227,823.27"
Title I: Commodities,NH,2018,"$1,454,912.00"
Title I: Commodities,NH,2019,"$1,085,298.76"
Title I: Commodities,NH,2020,"$328,077.84"
Title I: Commodities,NH,2021,"$2,591,171.04"
Title I: Commodities,NH,2022,"$1,152,633.35"
Title I: Commodities,NJ,2018,"$5,489,688.22"
Title I: Commodities,NJ,2019,"$943,430.72"
Title I: Commodities,NJ,2020,"$1,862,604.46"
Title I: Commodities,NJ,2021,"$3,177,526.90"
Title I: Commodities,NJ,2022,"$739,602.81"
Title I: Commodities,NM,2018,"$51,900,393.62"
Title I: Commodities,NM,2019,"$37,174,011.16"
Title I: Commodities,NM,2020,"$31,352,047.80"
Title I: Commodities,NM,2021,"$77,331,810.75"
Title I: Commodities,NM,2022,"$18,028,459.47"
Title I: Commodities,NY,2018,"$72,195,920.46"
Title I: Commodities,NY,2019,"$34,304,465.02"
Title I: Commodities,NY,2020,"$13,359,774.12"
Title I: Commodities,NY,2021,"$86,994,027.47"
Title I: Commodities,NY,2022,"$36,852,098.07"
Title I: Commodities,NC,2018,"$109,261,169.55"
Title I: Commodities,NC,2019,"$42,565,070.72"
Title I: Commodities,NC,2020,"$72,645,503.57"
Title I: Commodities,NC,2021,"$130,811,212.68"
Title I: Commodities,NC,2022,"$64,407,713.07"
Title I: Commodities,ND,2018,"$424,497,757.73"
Title I: Commodities,ND,2019,"$295,058,204.90"
Title I: Commodities,ND,2020,"$157,755,864.66"
Title I: Commodities,ND,2021,"$508,761,946.32"
Title I: Commodities,ND,2022,"$221,350,125.00"
Title I: Commodities,OH,2018,"$296,965,114.91"
Title I: Commodities,OH,2019,"$78,903,405.93"
Title I: Commodities,OH,2020,"$13,834,115.74"
Title I: Commodities,OH,2021,"$188,369,254.25"
Title I: Commodities,OH,2022,"$30,733,942.27"
Title I: Commodities,OK,2018,"$256,727,243.92"
Title I: Commodities,OK,2019,"$150,210,261.96"
Title I: Commodities,OK,2020,"$116,962,659.71"
Title I: Commodities,OK,2021,"$234,965,308.80"
Title I: Commodities,OK,2022,"$108,152,181.16"
Title I: Commodities,OR,2018,"$47,567,822.37"
Title I: Commodities,OR,2019,"$44,373,664.35"
Title I: Commodities,OR,2020,"$15,688,473.87"
Title I: Commodities,OR,2021,"$87,603,650.06"
Title I: Commodities,OR,2022,"$35,509,801.62"
Title I: Commodities,PA,2018,"$62,125,882.99"
Title I: Commodities,PA,2019,"$28,116,614.92"
Title I: Commodities,PA,2020,"$21,674,001.63"
Title I: Commodities,PA,2021,"$64,878,947.99"
Title I: Commodities,PA,2022,"$32,521,328.42"
Title I: Commodities,RI,2018,"$236,954.00"
Title I: Commodities,RI,2019,"$61,733.18"
Title I: Commodities,RI,2020,"$70,800.85"
Title I: Commodities,RI,2021,"$156,139.46"
Title I: Commodities,RI,2022,"$66,352.90"
Title I: Commodities,SC,2018,"$41,496,925.26"
Title I: Commodities,SC,2019,"$19,232,972.60"
Title I: Commodities,SC,2020,"$30,747,264.18"
Title I: Commodities,SC,2021,"$57,625,691.48"
Title I: Commodities,SC,2022,"$27,532,181.43"
Title I: Commodities,SD,2018,"$312,509,477.88"
Title I: Commodities,SD,2019,"$216,183,058.73"
Title I: Commodities,SD,2020,"$81,693,316.51"
Title I: Commodities,SD,2021,"$328,523,111.02"
Title I: Commodities,SD,2022,"$84,832,928.94"
Title I: Commodities,TN,2018,"$73,460,564.30"
Title I: Commodities,TN,2019,"$16,020,423.81"
Title I: Commodities,TN,2020,"$30,598,211.49"
Title I: Commodities,TN,2021,"$82,765,966.55"
Title I: Commodities,TN,2022,"$33,176,437.86"
Title I: Commodities,TX,2018,"$756,089,784.48"
Title I: Commodities,TX,2019,"$451,739,971.54"
Title I: Commodities,TX,2020,"$525,942,535.72"
Title I: Commodities,TX,2021,"$803,051,676.03"
Title I: Commodities,TX,2022,"$352,320,298.95"
Title I: Commodities,UT,2018,"$25,905,039.88"
Title I: Commodities,UT,2019,"$23,646,834.39"
Title I: Commodities,UT,2020,"$12,248,946.58"
Title I: Commodities,UT,2021,"$58,637,840.69"
Title I: Commodities,UT,2022,"$12,156,711.56"
Title I: Commodities,VT,2018,"$7,589,291.78"
Title I: Commodities,VT,2019,"$8,126,915.11"
Title I: Commodities,VT,2020,"$2,295,339.84"
Title I: Commodities,VT,2021,"$19,369,022.70"
Title I: Commodities,VT,2022,"$8,715,481.81"
Title I: Commodities,VA,2018,"$54,687,444.30"
Title I: Commodities,VA,2019,"$29,624,580.56"
Title I: Commodities,VA,2020,"$22,502,350.65"
Title I: Commodities,VA,2021,"$47,322,779.63"
Title I: Commodities,VA,2022,"$29,360,007.08"
Title I: Commodities,WA,2018,"$108,374,932.12"
Title I: Commodities,WA,2019,"$48,826,677.81"
Title I: Commodities,WA,2020,"$18,106,609.86"
Title I: Commodities,WA,2021,"$151,756,889.69"
Title I: Commodities,WA,2022,"$76,165,471.79"
Title I: Commodities,WV,2018,"$3,469,773.00"
Title I: Commodities,WV,2019,"$1,180,325.65"
Title I: Commodities,WV,2020,"$901,380.96"
Title I: Commodities,WV,2021,"$1,573,771.04"
Title I: Commodities,WV,2022,"$440,573.58"
Title I: Commodities,WI,2018,"$118,857,241.13"
Title I: Commodities,WI,2019,"$90,990,137.04"
Title I: Commodities,WI,2020,"$51,774,134.77"
Title I: Commodities,WI,2021,"$252,685,236.67"
Title I: Commodities,WI,2022,"$87,855,054.13"
Title I: Commodities,WY,2018,"$16,518,369.54"
Title I: Commodities,WY,2019,"$12,090,270.08"
Title I: Commodities,WY,2020,"$10,060,308.55"
Title I: Commodities,WY,2021,"$52,845,839.20"
Title I: Commodities,WY,2022,"$21,669,713.00"
Title II: Conservation,AL,2018,"$58,722,713"
Title II: Conservation,AL,2019,"$65,825,584"
Title II: Conservation,AL,2020,"$66,750,226"
Title II: Conservation,AL,2021,"$85,294,363"
Title II: Conservation,AL,2022,"$7,139,568"
Title II: Conservation,AK,2018,"$13,401,498"
Title II: Conservation,AK,2019,"$14,984,109"
Title II: Conservation,AK,2020,"$12,893,715"
Title II: Conservation,AK,2021,"$12,277,225"
Title II: Conservation,AK,2022,"$224,326"
Title II: Conservation,AZ,2018,"$37,872,600"
Title II: Conservation,AZ,2019,"$61,868,700"
Title II: Conservation,AZ,2020,"$25,556,700"
Title II: Conservation,AZ,2021,"$31,446,600"
Title II: Conservation,AZ,2022,$0
Title II: Conservation,AR,2018,"$184,636,057"
Title II: Conservation,AR,2019,"$175,201,143"
Title II: Conservation,AR,2020,"$306,135,665"
Title II: Conservation,AR,2021,"$155,495,646"
Title II: Conservation,AR,2022,"$15,612,450"
Title II: Conservation,CA,2018,"$142,654,667"
Title II: Conservation,CA,2019,"$151,441,716"
Title II: Conservation,CA,2020,"$169,302,588"
Title II: Conservation,CA,2021,"$168,936,805"
Title II: Conservation,CA,2022,"$1,784,264"
Title II: Conservation,CO,2018,"$152,416,634"
Title II: Conservation,CO,2019,"$169,393,937"
Title II: Conservation,CO,2020,"$161,126,105"
Title II: Conservation,CO,2021,"$154,877,489"
Title II: Conservation,CO,2022,"$48,649,256"
Title II: Conservation,CT,2018,"$11,046,634"
Title II: Conservation,CT,2019,"$10,244,577"
Title II: Conservation,CT,2020,"$11,848,507"
Title II: Conservation,CT,2021,"$13,913,594"
Title II: Conservation,CT,2022,$94
Title II: Conservation,DE,2018,"$14,655,642"
Title II: Conservation,DE,2019,"$14,038,335"
Title II: Conservation,DE,2020,"$17,122,401"
Title II: Conservation,DE,2021,"$13,298,298"
Title II: Conservation,DE,2022,"$498,616"
Title II: Conservation,FL,2018,"$64,730,334"
Title II: Conservation,FL,2019,"$62,726,334"
Title II: Conservation,FL,2020,"$80,461,332"
Title II: Conservation,FL,2021,"$62,513,145"
Title II: Conservation,FL,2022,"$687,167"
Title II: Conservation,GA,2018,"$132,798,653"
Title II: Conservation,GA,2019,"$153,775,453"
Title II: Conservation,GA,2020,"$162,971,340"
Title II: Conservation,GA,2021,"$107,331,342"
Title II: Conservation,GA,2022,"$12,197,143"
Title II: Conservation,HI,2018,"$13,958,014"
Title II: Conservation,HI,2019,"$19,291,748"
Title II: Conservation,HI,2020,"$17,497,972"
Title II: Conservation,HI,2021,"$16,423,774"
Title II: Conservation,HI,2022,"$30,919"
Title II: Conservation,ID,2018,"$64,427,894"
Title II: Conservation,ID,2019,"$67,799,147"
Title II: Conservation,ID,2020,"$81,062,152"
Title II: Conservation,ID,2021,"$70,561,656"
Title II: Conservation,ID,2022,"$22,331,455"
Title II: Conservation,IL,2018,"$235,186,322"
Title II: Conservation,IL,2019,"$250,331,380"
Title II: Conservation,IL,2020,"$295,091,340"
Title II: Conservation,IL,2021,"$248,156,869"
Title II: Conservation,IL,2022,"$163,723,518"
Title II: Conservation,IN,2018,"$95,743,914"
Title II: Conservation,IN,2019,"$106,423,086"
Title II: Conservation,IN,2020,"$117,960,026"
Title II: Conservation,IN,2021,"$106,634,335"
Title II: Conservation,IN,2022,"$38,058,252"
Title II: Conservation,IA,2018,"$460,805,418"
Title II: Conservation,IA,2019,"$513,922,513"
Title II: Conservation,IA,2020,"$514,123,731"
Title II: Conservation,IA,2021,"$486,286,455"
Title II: Conservation,IA,2022,"$377,367,064"
Title II: Conservation,KS,2018,"$192,616,009"
Title II: Conservation,KS,2019,"$202,218,855"
Title II: Conservation,KS,2020,"$218,149,833"
Title II: Conservation,KS,2021,"$167,625,273"
Title II: Conservation,KS,2022,"$74,066,897"
Title II: Conservation,KY,2018,"$92,120,399"
Title II: Conservation,KY,2019,"$89,975,048"
Title II: Conservation,KY,2020,"$105,360,299"
Title II: Conservation,KY,2021,"$89,322,383"
Title II: Conservation,KY,2022,"$31,171,137"
Title II: Conservation,LA,2018,"$119,104,666"
Title II: Conservation,LA,2019,"$143,277,555"
Title II: Conservation,LA,2020,"$159,642,117"
Title II: Conservation,LA,2021,"$111,612,387"
Title II: Conservation,LA,2022,"$22,953,028"
Title II: Conservation,ME,2018,"$21,107,816"
Title II: Conservation,ME,2019,"$19,724,552"
Title II: Conservation,ME,2020,"$18,061,590"
Title II: Conservation,ME,2021,"$19,761,893"
Title II: Conservation,ME,2022,"$220,050"
Title II: Conservation,MD,2018,"$33,433,444"
Title II: Conservation,MD,2019,"$36,048,525"
Title II: Conservation,MD,2020,"$31,555,419"
Title II: Conservation,MD,2021,"$33,839,278"
Title II: Conservation,MD,2022,"$10,000,836"
Title II: Conservation,MA,2018,"$9,432,452"
Title II: Conservation,MA,2019,"$9,741,152"
Title II: Conservation,MA,2020,"$12,577,736"
Title II: Conservation,MA,2021,"$11,090,617"
Title II: Conservation,MA,2022,$864
Title II: Conservation,MI,2018,"$58,778,528"
Title II: Conservation,MI,2019,"$69,987,740"
Title II: Conservation,MI,2020,"$71,966,957"
Title II: Conservation,MI,2021,"$58,274,256"
Title II: Conservation,MI,2022,"$13,900,470"
Title II: Conservation,MN,2018,"$244,582,170"
Title II: Conservation,MN,2019,"$232,977,947"
Title II: Conservation,MN,2020,"$349,874,995"
Title II: Conservation,MN,2021,"$210,555,885"
Title II: Conservation,MN,2022,"$136,246,249"
Title II: Conservation,MS,2018,"$213,617,058"
Title II: Conservation,MS,2019,"$233,229,636"
Title II: Conservation,MS,2020,"$300,163,025"
Title II: Conservation,MS,2021,"$167,261,207"
Title II: Conservation,MS,2022,"$39,987,516"
Title II: Conservation,MO,2018,"$209,637,014"
Title II: Conservation,MO,2019,"$230,511,282"
Title II: Conservation,MO,2020,"$225,418,504"
Title II: Conservation,MO,2021,"$185,261,948"
Title II: Conservation,MO,2022,"$95,949,279"
Title II: Conservation,MT,2018,"$126,092,563"
Title II: Conservation,MT,2019,"$134,573,595"
Title II: Conservation,MT,2020,"$179,629,644"
Title II: Conservation,MT,2021,"$116,175,940"
Title II: Conservation,MT,2022,"$23,906,024"
Title II: Conservation,NE,2018,"$176,421,044"
Title II: Conservation,NE,2019,"$200,888,041"
Title II: Conservation,NE,2020,"$216,380,545"
Title II: Conservation,NE,2021,"$149,825,244"
Title II: Conservation,NE,2022,"$71,133,060"
Title II: Conservation,NV,2018,"$13,138,956"
Title II: Conservation,NV,2019,"$12,511,086"
Title II: Conservation,NV,2020,"$11,280,886"
Title II: Conservation,NV,2021,"$11,793,886"
Title II: Conservation,NV,2022,"$11,683"
Title II: Conservation,NH,2018,"$12,173,665"
Title II: Conservation,NH,2019,"$13,347,052"
Title II: Conservation,NH,2020,"$12,642,052"
Title II: Conservation,NH,2021,"$12,732,500"
Title II: Conservation,NH,2022,$0
Title II: Conservation,NJ,2018,"$14,538,257"
Title II: Conservation,NJ,2019,"$10,946,528"
Title II: Conservation,NJ,2020,"$10,999,332"
Title II: Conservation,NJ,2021,"$13,330,954"
Title II: Conservation,NJ,2022,"$163,165"
Title II: Conservation,NM,2018,"$91,787,121"
Title II: Conservation,NM,2019,"$72,712,538"
Title II: Conservation,NM,2020,"$81,640,183"
Title II: Conservation,NM,2021,"$77,099,290"
Title II: Conservation,NM,2022,"$12,423,119"
Title II: Conservation,NY,2018,"$33,890,633"
Title II: Conservation,NY,2019,"$33,766,324"
Title II: Conservation,NY,2020,"$32,741,611"
Title II: Conservation,NY,2021,"$37,927,431"
Title II: Conservation,NY,2022,"$1,612,474"
Title II: Conservation,NC,2018,"$44,649,317"
Title II: Conservation,NC,2019,"$49,991,124"
Title II: Conservation,NC,2020,"$60,523,524"
Title II: Conservation,NC,2021,"$53,686,072"
Title II: Conservation,NC,2022,"$2,380,051"
Title II: Conservation,ND,2018,"$181,477,977"
Title II: Conservation,ND,2019,"$146,766,952"
Title II: Conservation,ND,2020,"$250,404,508"
Title II: Conservation,ND,2021,"$117,994,067"
Title II: Conservation,ND,2022,"$62,797,064"
Title II: Conservation,OH,2018,"$98,347,420"
Title II: Conservation,OH,2019,"$102,323,321"
Title II: Conservation,OH,2020,"$102,423,775"
Title II: Conservation,OH,2021,"$96,414,628"
Title II: Conservation,OH,2022,"$43,960,280"
Title II: Conservation,OK,2018,"$116,784,974"
Title II: Conservation,OK,2019,"$130,575,120"
Title II: Conservation,OK,2020,"$126,944,408"
Title II: Conservation,OK,2021,"$79,440,076"
Title II: Conservation,OK,2022,"$15,257,600"
Title II: Conservation,OR,2018,"$105,371,156"
Title II: Conservation,OR,2019,"$102,947,214"
Title II: Conservation,OR,2020,"$121,081,544"
Title II: Conservation,OR,2021,"$101,509,808"
Title II: Conservation,OR,2022,"$28,193,264"
Title II: Conservation,PA,2018,"$74,202,667"
Title II: Conservation,PA,2019,"$74,146,820"
Title II: Conservation,PA,2020,"$70,560,115"
Title II: Conservation,PA,2021,"$65,195,634"
Title II: Conservation,PA,2022,"$13,542,193"
Title II: Conservation,RI,2018,"$6,864,387"
Title II: Conservation,RI,2019,"$5,235,165"
Title II: Conservation,RI,2020,"$8,573,865"
Title II: Conservation,RI,2021,"$9,281,665"
Title II: Conservation,RI,2022,"$2,065"
Title II: Conservation,SC,2018,"$55,043,392"
Title II: Conservation,SC,2019,"$56,503,182"
Title II: Conservation,SC,2020,"$67,362,742"
Title II: Conservation,SC,2021,"$66,382,713"
Title II: Conservation,SC,2022,"$1,718,349"
Title II: Conservation,SD,2018,"$215,764,246"
Title II: Conservation,SD,2019,"$211,879,774"
Title II: Conservation,SD,2020,"$341,458,225"
Title II: Conservation,SD,2021,"$178,853,192"
Title II: Conservation,SD,2022,"$100,670,193"
Title II: Conservation,TN,2018,"$74,699,312"
Title II: Conservation,TN,2019,"$88,160,712"
Title II: Conservation,TN,2020,"$90,881,463"
Title II: Conservation,TN,2021,"$94,394,623"
Title II: Conservation,TN,2022,"$10,542,870"
Title II: Conservation,TX,2018,"$320,246,194"
Title II: Conservation,TX,2019,"$333,759,108"
Title II: Conservation,TX,2020,"$320,895,333"
Title II: Conservation,TX,2021,"$261,125,478"
Title II: Conservation,TX,2022,"$77,850,257"
Title II: Conservation,UT,2018,"$47,157,998"
Title II: Conservation,UT,2019,"$52,355,409"
Title II: Conservation,UT,2020,"$61,126,058"
Title II: Conservation,UT,2021,"$63,337,065"
Title II: Conservation,UT,2022,"$3,541,750"
Title II: Conservation,VT,2018,"$25,873,801"
Title II: Conservation,VT,2019,"$26,102,558"
Title II: Conservation,VT,2020,"$25,336,602"
Title II: Conservation,VT,2021,"$24,395,181"
Title II: Conservation,VT,2022,"$247,037"
Title II: Conservation,VA,2018,"$51,551,285"
Title II: Conservation,VA,2019,"$56,204,448"
Title II: Conservation,VA,2020,"$59,293,887"
Title II: Conservation,VA,2021,"$52,649,213"
Title II: Conservation,VA,2022,"$2,132,766"
Title II: Conservation,WA,2018,"$122,113,284"
Title II: Conservation,WA,2019,"$124,360,345"
Title II: Conservation,WA,2020,"$145,766,148"
Title II: Conservation,WA,2021,"$124,467,198"
Title II: Conservation,WA,2022,"$56,715,678"
Title II: Conservation,WV,2018,"$25,239,862"
Title II: Conservation,WV,2019,"$23,790,148"
Title II: Conservation,WV,2020,"$27,068,241"
Title II: Conservation,WV,2021,"$26,721,986"
Title II: Conservation,WV,2022,"$431,715"
Title II: Conservation,WI,2018,"$101,986,322"
Title II: Conservation,WI,2019,"$125,895,861"
Title II: Conservation,WI,2020,"$139,889,382"
Title II: Conservation,WI,2021,"$102,465,630"
Title II: Conservation,WI,2022,"$30,034,727"
Title II: Conservation,WY,2018,"$37,421,012"
Title II: Conservation,WY,2019,"$41,904,242"
Title II: Conservation,WY,2020,"$39,571,002"
Title II: Conservation,WY,2021,"$36,180,385"
Title II: Conservation,WY,2022,"$3,099,082"
Crop Insurance,AL,2018,"$28,828,307"
Crop Insurance,AL,2019,"$40,706,533"
Crop Insurance,AL,2020,"$52,928,542"
Crop Insurance,AL,2021,"$17,648,330"
Crop Insurance,AL,2022,"-$25,533,008"
Crop Insurance,AK,2018,"$81,177"
Crop Insurance,AK,2019,"-$7,124"
Crop Insurance,AK,2020,"$3,153"
Crop Insurance,AK,2021,"$49,757"
Crop Insurance,AK,2022,"$109,702"
Crop Insurance,AZ,2018,"$98,351,588"
Crop Insurance,AZ,2019,"$17,616,300"
Crop Insurance,AZ,2020,"$115,754,560"
Crop Insurance,AZ,2021,"$87,197,180"
Crop Insurance,AZ,2022,"$62,411,425"
Crop Insurance,AR,2018,"$83,510,790"
Crop Insurance,AR,2019,"$268,429,452"
Crop Insurance,AR,2020,"$217,683,831"
Crop Insurance,AR,2021,"$163,924,187"
Crop Insurance,AR,2022,"$44,006,341"
Crop Insurance,CA,2018,"$165,878,273"
Crop Insurance,CA,2019,"$216,978,747"
Crop Insurance,CA,2020,"$481,957,948"
Crop Insurance,CA,2021,"$353,771,733"
Crop Insurance,CA,2022,"$278,552,950"
Crop Insurance,CO,2018,"$80,740,474"
Crop Insurance,CO,2019,"$27,592,564"
Crop Insurance,CO,2020,"$193,383,985"
Crop Insurance,CO,2021,"$98,546,081"
Crop Insurance,CO,2022,"$132,703,764"
Crop Insurance,CT,2018,"-$336,400"
Crop Insurance,CT,2019,"-$2,188,565"
Crop Insurance,CT,2020,"$1,277,761"
Crop Insurance,CT,2021,"$17,014,145"
Crop Insurance,CT,2022,"-$2,895,544"
Crop Insurance,DE,2018,"$4,202,733"
Crop Insurance,DE,2019,"-$233,121"
Crop Insurance,DE,2020,"-$1,150,653"
Crop Insurance,DE,2021,"-$2,555,328"
Crop Insurance,DE,2022,"-$5,348,510"
Crop Insurance,FL,2018,"$3,504,132,511"
Crop Insurance,FL,2019,"$17,744,976"
Crop Insurance,FL,2020,"$43,018,039"
Crop Insurance,FL,2021,"$40,000,469"
Crop Insurance,FL,2022,"$103,176,714"
Crop Insurance,GA,2018,"$319,121,830"
Crop Insurance,GA,2019,"$145,004,907"
Crop Insurance,GA,2020,"$77,391,344"
Crop Insurance,GA,2021,"$71,545,586"
Crop Insurance,GA,2022,"-$47,712,411"
Crop Insurance,HI,2018,"$1,459,100"
Crop Insurance,HI,2019,"$1,621,234"
Crop Insurance,HI,2020,"$1,683,941"
Crop Insurance,HI,2021,"$1,338,984"
Crop Insurance,HI,2022,"-$520,575"
Crop Insurance,ID,2018,"-$428,582"
Crop Insurance,ID,2019,"$13,547,210"
Crop Insurance,ID,2020,"$12,004,667"
Crop Insurance,ID,2021,"$147,214,646"
Crop Insurance,ID,2022,"-$8,659,027"
Crop Insurance,IL,2018,"-$173,182,034"
Crop Insurance,IL,2019,"$407,068,470"
Crop Insurance,IL,2020,"-$92,414,811"
Crop Insurance,IL,2021,"-$284,673,114"
Crop Insurance,IL,2022,"-$458,009,161"
Crop Insurance,IN,2018,"-$75,854,034"
Crop Insurance,IN,2019,"$286,136,260"
Crop Insurance,IN,2020,"-$378,868,012"
Crop Insurance,IN,2021,"-$156,382,232"
Crop Insurance,IN,2022,"-$252,385,877"
Crop Insurance,IA,2018,"$37,686,975"
Crop Insurance,IA,2019,"-$14,487,267"
Crop Insurance,IA,2020,"$338,640,690"
Crop Insurance,IA,2021,"-$373,331,476"
Crop Insurance,IA,2022,"-$611,255,260"
Crop Insurance,KS,2018,"$114,016,334"
Crop Insurance,KS,2019,"$34,725,564"
Crop Insurance,KS,2020,"$12,361,148"
Crop Insurance,KS,2021,"-$39,401,329"
Crop Insurance,KS,2022,"-$347,795,792"
Crop Insurance,KY,2018,"$60,513,361"
Crop Insurance,KY,2019,"$86,551,072"
Crop Insurance,KY,2020,"$47,956,352"
Crop Insurance,KY,2021,"$2,358,114"
Crop Insurance,KY,2022,"-$76,667,570"
Crop Insurance,LA,2018,"$60,866,534"
Crop Insurance,LA,2019,"$106,685,910"
Crop Insurance,LA,2020,"$95,647,813"
Crop Insurance,LA,2021,"$88,141,226"
Crop Insurance,LA,2022,"-$18,184,340"
Crop Insurance,ME,2018,"$1,748,844"
Crop Insurance,ME,2019,"$5,963,232"
Crop Insurance,ME,2020,"$5,852,104"
Crop Insurance,ME,2021,"$1,400,538"
Crop Insurance,ME,2022,"-$3,535,192"
Crop Insurance,MD,2018,"$9,947,269"
Crop Insurance,MD,2019,"$1,315,502"
Crop Insurance,MD,2020,"$550,875"
Crop Insurance,MD,2021,"-$5,782,187"
Crop Insurance,MD,2022,"-$14,925,338"
Crop Insurance,MA,2018,"$422,804"
Crop Insurance,MA,2019,"$574,868"
Crop Insurance,MA,2020,"$1,506,046"
Crop Insurance,MA,2021,"$8,633,955"
Crop Insurance,MA,2022,"-$1,805,098"
Crop Insurance,MI,2018,"$37,224,092"
Crop Insurance,MI,2019,"$248,401,214"
Crop Insurance,MI,2020,"$26,265,371"
Crop Insurance,MI,2021,"-$2,666,800"
Crop Insurance,MI,2022,"-$70,967,692"
Crop Insurance,MN,2018,"$145,349,310"
Crop Insurance,MN,2019,"$584,151,868"
Crop Insurance,MN,2020,"$8,246,905"
Crop Insurance,MN,2021,"$205,158,392"
Crop Insurance,MN,2022,"-$251,464,307"
Crop Insurance,MS,2018,"$49,543,316"
Crop Insurance,MS,2019,"$176,379,000"
Crop Insurance,MS,2020,"$108,131,312"
Crop Insurance,MS,2021,"$84,690,521"
Crop Insurance,MS,2022,"-$21,763,084"
Crop Insurance,MO,2018,"$133,131,081"
Crop Insurance,MO,2019,"$320,402,670"
Crop Insurance,MO,2020,"$35,500,539"
Crop Insurance,MO,2021,"$67,479,344"
Crop Insurance,MO,2022,"-$120,525,092"
Crop Insurance,MT,2018,"$47,512,795"
Crop Insurance,MT,2019,"$52,412,424"
Crop Insurance,MT,2020,"-$3,043,962"
Crop Insurance,MT,2021,"$491,038,730"
Crop Insurance,MT,2022,"$53,140,577"
Crop Insurance,NE,2018,"-$42,741,193"
Crop Insurance,NE,2019,"$31,403,249"
Crop Insurance,NE,2020,"$2,624,707"
Crop Insurance,NE,2021,"-$109,473,645"
Crop Insurance,NE,2022,"-$173,859,004"
Crop Insurance,NV,2018,"$20,307,500"
Crop Insurance,NV,2019,"$17,740,477"
Crop Insurance,NV,2020,"$116,217,021"
Crop Insurance,NV,2021,"$65,581,379"
Crop Insurance,NV,2022,"$121,591,573"
Crop Insurance,NH,2018,"$122,086"
Crop Insurance,NH,2019,"$78,355"
Crop Insurance,NH,2020,"$102,222"
Crop Insurance,NH,2021,"$62,539"
Crop Insurance,NH,2022,"-$171,436"
Crop Insurance,NJ,2018,"$8,045,227"
Crop Insurance,NJ,2019,"$4,418,463"
Crop Insurance,NJ,2020,"$708,060"
Crop Insurance,NJ,2021,"-$579,885"
Crop Insurance,NJ,2022,"-$2,283,151"
Crop Insurance,NM,2018,"$40,322,109"
Crop Insurance,NM,2019,"$26,887,565"
Crop Insurance,NM,2020,"$103,596,957"
Crop Insurance,NM,2021,"$87,330,368"
Crop Insurance,NM,2022,"$96,444,426"
Crop Insurance,NY,2018,"$6,768,332"
Crop Insurance,NY,2019,"$60,834,890"
Crop Insurance,NY,2020,"$16,601,470"
Crop Insurance,NY,2021,"$9,691,609"
Crop Insurance,NY,2022,"-$14,599,745"
Crop Insurance,NC,2018,"$303,659,125"
Crop Insurance,NC,2019,"$185,121,520"
Crop Insurance,NC,2020,"$266,690,560"
Crop Insurance,NC,2021,"$76,602,186"
Crop Insurance,NC,2022,"-$90,621,730"
Crop Insurance,ND,2018,"$54,437,195"
Crop Insurance,ND,2019,"$664,630,753"
Crop Insurance,ND,2020,"$764,547,696"
Crop Insurance,ND,2021,"$1,456,936,232"
Crop Insurance,ND,2022,"$271,325,862"
Crop Insurance,OH,2018,"-$36,603,266"
Crop Insurance,OH,2019,"$422,971,181"
Crop Insurance,OH,2020,"-$10,185,217"
Crop Insurance,OH,2021,"-$103,543,489"
Crop Insurance,OH,2022,"-$131,569,040"
Crop Insurance,OK,2018,"$139,974,746"
Crop Insurance,OK,2019,"$64,489,977"
Crop Insurance,OK,2020,"$50,768,490"
Crop Insurance,OK,2021,"$32,772,121"
Crop Insurance,OK,2022,"$264,070,658"
Crop Insurance,OR,2018,"$13,857,033"
Crop Insurance,OR,2019,"$22,053,205"
Crop Insurance,OR,2020,"$60,256,264"
Crop Insurance,OR,2021,"$127,004,161"
Crop Insurance,OR,2022,"-$12,480,311"
Crop Insurance,PA,2018,"$25,672,164"
Crop Insurance,PA,2019,"$18,941,807"
Crop Insurance,PA,2020,"$48,559,594"
Crop Insurance,PA,2021,"$4,807,370"
Crop Insurance,PA,2022,"-$23,980,597"
Crop Insurance,RI,2018,"$94,061"
Crop Insurance,RI,2019,"$81,376"
Crop Insurance,RI,2020,"$300,652"
Crop Insurance,RI,2021,"$129,176"
Crop Insurance,RI,2022,"-$43,135"
Crop Insurance,SC,2018,"$71,711,220"
Crop Insurance,SC,2019,"$70,132,670"
Crop Insurance,SC,2020,"$66,730,834"
Crop Insurance,SC,2021,"-$8,694,129"
Crop Insurance,SC,2022,"-$26,168,668"
Crop Insurance,SD,2018,"$101,968,937"
Crop Insurance,SD,2019,"$902,398,630"
Crop Insurance,SD,2020,"-$71,789,044"
Crop Insurance,SD,2021,"$460,065,063"
Crop Insurance,SD,2022,"$26,237,975"
Crop Insurance,TN,2018,"$23,766,702"
Crop Insurance,TN,2019,"$34,468,105"
Crop Insurance,TN,2020,"$32,795,792"
Crop Insurance,TN,2021,"$4,049,920"
Crop Insurance,TN,2022,"-$30,847,933"
Crop Insurance,TX,2018,"$1,278,955,149"
Crop Insurance,TX,2019,"$891,001,954"
Crop Insurance,TX,2020,"$1,190,294,692"
Crop Insurance,TX,2021,"$814,230,544"
Crop Insurance,TX,2022,"$2,075,285,764"
Crop Insurance,UT,2018,"$11,752,982"
Crop Insurance,UT,2019,"$7,524,106"
Crop Insurance,UT,2020,"$43,647,832"
Crop Insurance,UT,2021,"$38,600,702"
Crop Insurance,UT,2022,"$39,940,354"
Crop Insurance,VT,2018,"$332,498"
Crop Insurance,VT,2019,"$2,351,171"
Crop Insurance,VT,2020,"$1,183,679"
Crop Insurance,VT,2021,"$852,828"
Crop Insurance,VT,2022,"-$1,405,180"
Crop Insurance,VA,2018,"$25,139,219"
Crop Insurance,VA,2019,"$25,916,632"
Crop Insurance,VA,2020,"$43,094,730"
Crop Insurance,VA,2021,"$8,829,035"
Crop Insurance,VA,2022,"-$29,385,795"
Crop Insurance,WA,2018,"$59,038,287"
Crop Insurance,WA,2019,"$168,471,399"
Crop Insurance,WA,2020,"$100,289,113"
Crop Insurance,WA,2021,"$355,169,539"
Crop Insurance,WA,2022,"-$77,711,220"
Crop Insurance,WV,2018,"$1,034,799"
Crop Insurance,WV,2019,"$130,799"
Crop Insurance,WV,2020,"$1,577,602"
Crop Insurance,WV,2021,"$1,153,104"
Crop Insurance,WV,2022,"-$1,099,030"
Crop Insurance,WI,2018,"$40,720,853"
Crop Insurance,WI,2019,"$171,653,559"
Crop Insurance,WI,2020,"$254,368"
Crop Insurance,WI,2021,"-$36,329,273"
Crop Insurance,WI,2022,"-$122,455,361"
Crop Insurance,WY,2018,"$3,756,488"
Crop Insurance,WY,2019,"$10,217,590"
Crop Insurance,WY,2020,"$19,911,975"
Crop Insurance,WY,2021,"$17,467,451"
Crop Insurance,WY,2022,"$18,209,128"
Supplemental Nutrition Assistance Program (SNAP),AL,2018,"$1,084,563,290"
Supplemental Nutrition Assistance Program (SNAP),AL,2019,"$1,032,064,886"
Supplemental Nutrition Assistance Program (SNAP),AL,2020,"$1,359,495,890"
Supplemental Nutrition Assistance Program (SNAP),AL,2021,"$1,974,053,519"
Supplemental Nutrition Assistance Program (SNAP),AL,2022,"$1,630,521,042"
Supplemental Nutrition Assistance Program (SNAP),AK,2018,"$187,357,117"
Supplemental Nutrition Assistance Program (SNAP),AK,2019,"$171,091,672"
Supplemental Nutrition Assistance Program (SNAP),AK,2020,"$198,298,992"
Supplemental Nutrition Assistance Program (SNAP),AK,2021,"$288,045,258"
Supplemental Nutrition Assistance Program (SNAP),AK,2022,"$259,341,628"
Supplemental Nutrition Assistance Program (SNAP),AZ,2018,"$1,210,429,898"
Supplemental Nutrition Assistance Program (SNAP),AZ,2019,"$1,146,712,214"
Supplemental Nutrition Assistance Program (SNAP),AZ,2020,"$1,469,174,725"
Supplemental Nutrition Assistance Program (SNAP),AZ,2021,"$2,175,824,745"
Supplemental Nutrition Assistance Program (SNAP),AZ,2022,"$1,540,400,693"
Supplemental Nutrition Assistance Program (SNAP),AR,2018,"$480,472,657"
Supplemental Nutrition Assistance Program (SNAP),AR,2019,"$460,333,605"
Supplemental Nutrition Assistance Program (SNAP),AR,2020,"$660,915,016"
Supplemental Nutrition Assistance Program (SNAP),AR,2021,"$765,794,046"
Supplemental Nutrition Assistance Program (SNAP),AR,2022,"$416,532,641"
Supplemental Nutrition Assistance Program (SNAP),CA,2018,"$6,332,717,643"
Supplemental Nutrition Assistance Program (SNAP),CA,2019,"$5,977,281,299"
Supplemental Nutrition Assistance Program (SNAP),CA,2020,"$7,818,586,485"
Supplemental Nutrition Assistance Program (SNAP),CA,2021,"$11,243,441,465"
Supplemental Nutrition Assistance Program (SNAP),CA,2022,"$10,673,503,815"
Supplemental Nutrition Assistance Program (SNAP),CO,2018,"$668,610,833"
Supplemental Nutrition Assistance Program (SNAP),CO,2019,"$639,000,457"
Supplemental Nutrition Assistance Program (SNAP),CO,2020,"$912,978,201"
Supplemental Nutrition Assistance Program (SNAP),CO,2021,"$1,304,761,706"
Supplemental Nutrition Assistance Program (SNAP),CO,2022,"$1,120,062,243"
Supplemental Nutrition Assistance Program (SNAP),CT,2018,"$614,967,955"
Supplemental Nutrition Assistance Program (SNAP),CT,2019,"$584,718,600"
Supplemental Nutrition Assistance Program (SNAP),CT,2020,"$721,754,999"
Supplemental Nutrition Assistance Program (SNAP),CT,2021,"$980,157,323"
Supplemental Nutrition Assistance Program (SNAP),CT,2022,"$866,394,478"
Supplemental Nutrition Assistance Program (SNAP),DE,2018,"$196,899,033"
Supplemental Nutrition Assistance Program (SNAP),DE,2019,"$178,138,585"
Supplemental Nutrition Assistance Program (SNAP),DE,2020,"$215,100,949"
Supplemental Nutrition Assistance Program (SNAP),DE,2021,"$288,020,710"
Supplemental Nutrition Assistance Program (SNAP),DE,2022,"$246,500,635"
Supplemental Nutrition Assistance Program (SNAP),FL,2018,"$5,763,762,595"
Supplemental Nutrition Assistance Program (SNAP),FL,2019,"$4,035,386,245"
Supplemental Nutrition Assistance Program (SNAP),FL,2020,"$6,007,542,066"
Supplemental Nutrition Assistance Program (SNAP),FL,2021,"$7,924,263,325"
Supplemental Nutrition Assistance Program (SNAP),FL,2022,"$3,860,207,198"
Supplemental Nutrition Assistance Program (SNAP),GA,2018,"$2,336,788,286"
Supplemental Nutrition Assistance Program (SNAP),GA,2019,"$2,115,101,241"
Supplemental Nutrition Assistance Program (SNAP),GA,2020,"$2,906,208,820"
Supplemental Nutrition Assistance Program (SNAP),GA,2021,"$4,085,504,054"
Supplemental Nutrition Assistance Program (SNAP),GA,2022,"$3,386,489,702"
Supplemental Nutrition Assistance Program (SNAP),HI,2018,"$469,433,045"
Supplemental Nutrition Assistance Program (SNAP),HI,2019,"$448,431,408"
Supplemental Nutrition Assistance Program (SNAP),HI,2020,"$563,931,492"
Supplemental Nutrition Assistance Program (SNAP),HI,2021,"$944,131,080"
Supplemental Nutrition Assistance Program (SNAP),HI,2022,"$684,284,375"
Supplemental Nutrition Assistance Program (SNAP),ID,2018,"$199,514,037"
Supplemental Nutrition Assistance Program (SNAP),ID,2019,"$192,918,233"
Supplemental Nutrition Assistance Program (SNAP),ID,2020,"$194,520,346"
Supplemental Nutrition Assistance Program (SNAP),ID,2021,"$258,380,769"
Supplemental Nutrition Assistance Program (SNAP),ID,2022,"$165,414,580"
Supplemental Nutrition Assistance Program (SNAP),IL,2018,"$2,777,948,512"
Supplemental Nutrition Assistance Program (SNAP),IL,2019,"$2,646,035,880"
Supplemental Nutrition Assistance Program (SNAP),IL,2020,"$3,381,674,266"
Supplemental Nutrition Assistance Program (SNAP),IL,2021,"$5,099,888,484"
Supplemental Nutrition Assistance Program (SNAP),IL,2022,"$4,278,348,791"
Supplemental Nutrition Assistance Program (SNAP),IN,2018,"$867,533,147"
Supplemental Nutrition Assistance Program (SNAP),IN,2019,"$819,644,875"
Supplemental Nutrition Assistance Program (SNAP),IN,2020,"$1,091,236,875"
Supplemental Nutrition Assistance Program (SNAP),IN,2021,"$1,619,482,719"
Supplemental Nutrition Assistance Program (SNAP),IN,2022,"$1,226,153,509"
Supplemental Nutrition Assistance Program (SNAP),IA,2018,"$446,259,982"
Supplemental Nutrition Assistance Program (SNAP),IA,2019,"$429,315,218"
Supplemental Nutrition Assistance Program (SNAP),IA,2020,"$545,552,128"
Supplemental Nutrition Assistance Program (SNAP),IA,2021,"$727,003,312"
Supplemental Nutrition Assistance Program (SNAP),IA,2022,"$482,247,224"
Supplemental Nutrition Assistance Program (SNAP),KS,2018,"$293,539,988"
Supplemental Nutrition Assistance Program (SNAP),KS,2019,"$265,322,548"
Supplemental Nutrition Assistance Program (SNAP),KS,2020,"$336,631,296"
Supplemental Nutrition Assistance Program (SNAP),KS,2021,"$488,517,358"
Supplemental Nutrition Assistance Program (SNAP),KS,2022,"$419,892,517"
Supplemental Nutrition Assistance Program (SNAP),KY,2018,"$853,986,982"
Supplemental Nutrition Assistance Program (SNAP),KY,2019,"$739,297,747"
Supplemental Nutrition Assistance Program (SNAP),KY,2020,"$997,788,980"
Supplemental Nutrition Assistance Program (SNAP),KY,2021,"$1,610,391,177"
Supplemental Nutrition Assistance Program (SNAP),KY,2022,"$1,017,207,481"
Supplemental Nutrition Assistance Program (SNAP),LA,2018,"$1,297,321,641"
Supplemental Nutrition Assistance Program (SNAP),LA,2019,"$1,214,657,938"
Supplemental Nutrition Assistance Program (SNAP),LA,2020,"$1,576,364,622"
Supplemental Nutrition Assistance Program (SNAP),LA,2021,"$2,462,801,412"
Supplemental Nutrition Assistance Program (SNAP),LA,2022,"$1,839,596,606"
Supplemental Nutrition Assistance Program (SNAP),ME,2018,"$218,217,647"
Supplemental Nutrition Assistance Program (SNAP),ME,2019,"$203,630,527"
Supplemental Nutrition Assistance Program (SNAP),ME,2020,"$277,026,746"
Supplemental Nutrition Assistance Program (SNAP),ME,2021,"$409,705,765"
Supplemental Nutrition Assistance Program (SNAP),ME,2022,"$383,053,536"
Supplemental Nutrition Assistance Program (SNAP),MD,2018,"$910,098,604"
Supplemental Nutrition Assistance Program (SNAP),MD,2019,"$878,649,666"
Supplemental Nutrition Assistance Program (SNAP),MD,2020,"$1,270,867,930"
Supplemental Nutrition Assistance Program (SNAP),MD,2021,"$2,146,479,444"
Supplemental Nutrition Assistance Program (SNAP),MD,2022,"$1,677,699,095"
Supplemental Nutrition Assistance Program (SNAP),MA,2018,"$1,159,118,509"
Supplemental Nutrition Assistance Program (SNAP),MA,2019,"$1,131,148,466"
Supplemental Nutrition Assistance Program (SNAP),MA,2020,"$1,472,070,728"
Supplemental Nutrition Assistance Program (SNAP),MA,2021,"$2,350,041,332"
Supplemental Nutrition Assistance Program (SNAP),MA,2022,"$2,368,956,778"
Supplemental Nutrition Assistance Program (SNAP),MI,2018,"$1,894,038,446"
Supplemental Nutrition Assistance Program (SNAP),MI,2019,"$1,701,430,344"
Supplemental Nutrition Assistance Program (SNAP),MI,2020,"$2,296,880,243"
Supplemental Nutrition Assistance Program (SNAP),MI,2021,"$3,246,391,707"
Supplemental Nutrition Assistance Program (SNAP),MI,2022,"$2,925,977,848"
Supplemental Nutrition Assistance Program (SNAP),MN,2018,"$544,420,005"
Supplemental Nutrition Assistance Program (SNAP),MN,2019,"$509,464,759"
Supplemental Nutrition Assistance Program (SNAP),MN,2020,"$959,125,365"
Supplemental Nutrition Assistance Program (SNAP),MN,2021,"$1,985,655,426"
Supplemental Nutrition Assistance Program (SNAP),MN,2022,"$1,133,283,549"
Supplemental Nutrition Assistance Program (SNAP),MS,2018,"$679,722,657"
Supplemental Nutrition Assistance Program (SNAP),MS,2019,"$605,780,127"
Supplemental Nutrition Assistance Program (SNAP),MS,2020,"$772,290,269"
Supplemental Nutrition Assistance Program (SNAP),MS,2021,"$1,066,435,430"
Supplemental Nutrition Assistance Program (SNAP),MS,2022,"$687,691,191"
Supplemental Nutrition Assistance Program (SNAP),MO,2018,"$1,061,334,229"
Supplemental Nutrition Assistance Program (SNAP),MO,2019,"$996,212,141"
Supplemental Nutrition Assistance Program (SNAP),MO,2020,"$1,324,976,208"
Supplemental Nutrition Assistance Program (SNAP),MO,2021,"$1,734,889,161"
Supplemental Nutrition Assistance Program (SNAP),MO,2022,"$965,179,521"
Supplemental Nutrition Assistance Program (SNAP),MT,2018,"$158,389,738"
Supplemental Nutrition Assistance Program (SNAP),MT,2019,"$146,944,184"
Supplemental Nutrition Assistance Program (SNAP),MT,2020,"$192,530,803"
Supplemental Nutrition Assistance Program (SNAP),MT,2021,"$228,795,841"
Supplemental Nutrition Assistance Program (SNAP),MT,2022,"$119,821,087"
Supplemental Nutrition Assistance Program (SNAP),NE,2018,"$229,206,174"
Supplemental Nutrition Assistance Program (SNAP),NE,2019,"$221,960,791"
Supplemental Nutrition Assistance Program (SNAP),NE,2020,"$254,347,798"
Supplemental Nutrition Assistance Program (SNAP),NE,2021,"$356,554,249"
Supplemental Nutrition Assistance Program (SNAP),NE,2022,"$200,879,585"
Supplemental Nutrition Assistance Program (SNAP),NV,2018,"$614,241,940"
Supplemental Nutrition Assistance Program (SNAP),NV,2019,"$587,953,503"
Supplemental Nutrition Assistance Program (SNAP),NV,2020,"$903,103,249"
Supplemental Nutrition Assistance Program (SNAP),NV,2021,"$1,234,696,544"
Supplemental Nutrition Assistance Program (SNAP),NV,2022,"$1,075,678,260"
Supplemental Nutrition Assistance Program (SNAP),NH,2018,"$101,469,828"
Supplemental Nutrition Assistance Program (SNAP),NH,2019,"$92,889,191"
Supplemental Nutrition Assistance Program (SNAP),NH,2020,"$116,852,942"
Supplemental Nutrition Assistance Program (SNAP),NH,2021,"$174,557,213"
Supplemental Nutrition Assistance Program (SNAP),NH,2022,"$150,205,628"
Supplemental Nutrition Assistance Program (SNAP),NJ,2018,"$1,012,654,300"
Supplemental Nutrition Assistance Program (SNAP),NJ,2019,"$953,558,696"
Supplemental Nutrition Assistance Program (SNAP),NJ,2020,"$1,288,738,288"
Supplemental Nutrition Assistance Program (SNAP),NJ,2021,"$2,169,432,714"
Supplemental Nutrition Assistance Program (SNAP),NJ,2022,"$1,979,717,206"
Supplemental Nutrition Assistance Program (SNAP),NM,2018,"$638,421,821"
Supplemental Nutrition Assistance Program (SNAP),NM,2019,"$632,907,856"
Supplemental Nutrition Assistance Program (SNAP),NM,2020,"$903,755,521"
Supplemental Nutrition Assistance Program (SNAP),NM,2021,"$1,339,883,626"
Supplemental Nutrition Assistance Program (SNAP),NM,2022,"$1,124,011,465"
Supplemental Nutrition Assistance Program (SNAP),NY,2018,"$4,526,970,965"
Supplemental Nutrition Assistance Program (SNAP),NY,2019,"$4,339,617,966"
Supplemental Nutrition Assistance Program (SNAP),NY,2020,"$5,118,950,034"
Supplemental Nutrition Assistance Program (SNAP),NY,2021,"$7,311,543,597"
Supplemental Nutrition Assistance Program (SNAP),NY,2022,"$6,748,101,689"
Supplemental Nutrition Assistance Program (SNAP),NC,2018,"$1,919,051,873"
Supplemental Nutrition Assistance Program (SNAP),NC,2019,"$1,863,656,810"
Supplemental Nutrition Assistance Program (SNAP),NC,2020,"$2,391,518,239"
Supplemental Nutrition Assistance Program (SNAP),NC,2021,"$3,994,650,815"
Supplemental Nutrition Assistance Program (SNAP),NC,2022,"$3,637,047,482"
Supplemental Nutrition Assistance Program (SNAP),ND,2018,"$75,391,175"
Supplemental Nutrition Assistance Program (SNAP),ND,2019,"$68,485,818"
Supplemental Nutrition Assistance Program (SNAP),ND,2020,"$84,360,845"
Supplemental Nutrition Assistance Program (SNAP),ND,2021,"$113,160,074"
Supplemental Nutrition Assistance Program (SNAP),ND,2022,"$68,121,886"
Supplemental Nutrition Assistance Program (SNAP),OH,2018,"$2,078,237,006"
Supplemental Nutrition Assistance Program (SNAP),OH,2019,"$2,020,497,444"
Supplemental Nutrition Assistance Program (SNAP),OH,2020,"$3,099,962,149"
Supplemental Nutrition Assistance Program (SNAP),OH,2021,"$3,865,203,855"
Supplemental Nutrition Assistance Program (SNAP),OH,2022,"$3,235,257,448"
Supplemental Nutrition Assistance Program (SNAP),OK,2018,"$832,653,493"
Supplemental Nutrition Assistance Program (SNAP),OK,2019,"$819,546,294"
Supplemental Nutrition Assistance Program (SNAP),OK,2020,"$1,056,260,544"
Supplemental Nutrition Assistance Program (SNAP),OK,2021,"$1,472,962,209"
Supplemental Nutrition Assistance Program (SNAP),OK,2022,"$1,370,649,965"
Supplemental Nutrition Assistance Program (SNAP),OR,2018,"$937,798,988"
Supplemental Nutrition Assistance Program (SNAP),OR,2019,"$884,189,650"
Supplemental Nutrition Assistance Program (SNAP),OR,2020,"$1,170,543,331"
Supplemental Nutrition Assistance Program (SNAP),OR,2021,"$1,847,403,478"
Supplemental Nutrition Assistance Program (SNAP),OR,2022,"$1,580,867,356"
Supplemental Nutrition Assistance Program (SNAP),PA,2018,"$2,592,183,684"
Supplemental Nutrition Assistance Program (SNAP),PA,2019,"$2,513,696,584"
Supplemental Nutrition Assistance Program (SNAP),PA,2020,"$3,249,170,462"
Supplemental Nutrition Assistance Program (SNAP),PA,2021,"$5,170,214,891"
Supplemental Nutrition Assistance Program (SNAP),PA,2022,"$3,700,916,539"
Supplemental Nutrition Assistance Program (SNAP),RI,2018,"$259,191,919"
Supplemental Nutrition Assistance Program (SNAP),RI,2019,"$244,223,564"
Supplemental Nutrition Assistance Program (SNAP),RI,2020,"$278,985,653"
Supplemental Nutrition Assistance Program (SNAP),RI,2021,"$378,689,563"
Supplemental Nutrition Assistance Program (SNAP),RI,2022,"$318,398,356"
Supplemental Nutrition Assistance Program (SNAP),SC,2018,"$943,922,431"
Supplemental Nutrition Assistance Program (SNAP),SC,2019,"$854,652,751"
Supplemental Nutrition Assistance Program (SNAP),SC,2020,"$1,101,611,441"
Supplemental Nutrition Assistance Program (SNAP),SC,2021,"$1,550,266,093"
Supplemental Nutrition Assistance Program (SNAP),SC,2022,"$1,356,671,596"
Supplemental Nutrition Assistance Program (SNAP),SD,2018,"$131,112,641"
Supplemental Nutrition Assistance Program (SNAP),SD,2019,"$121,995,672"
Supplemental Nutrition Assistance Program (SNAP),SD,2020,"$143,860,091"
Supplemental Nutrition Assistance Program (SNAP),SD,2021,"$177,819,200"
Supplemental Nutrition Assistance Program (SNAP),SD,2022,"$107,853,508"
Supplemental Nutrition Assistance Program (SNAP),TN,2018,"$1,424,890,904"
Supplemental Nutrition Assistance Program (SNAP),TN,2019,"$1,307,248,122"
Supplemental Nutrition Assistance Program (SNAP),TN,2020,"$1,774,499,562"
Supplemental Nutrition Assistance Program (SNAP),TN,2021,"$3,094,821,635"
Supplemental Nutrition Assistance Program (SNAP),TN,2022,"$1,449,170,424"
Supplemental Nutrition Assistance Program (SNAP),TX,2018,"$5,525,177,455"
Supplemental Nutrition Assistance Program (SNAP),TX,2019,"$4,767,112,796"
Supplemental Nutrition Assistance Program (SNAP),TX,2020,"$6,300,171,765"
Supplemental Nutrition Assistance Program (SNAP),TX,2021,"$8,751,945,285"
Supplemental Nutrition Assistance Program (SNAP),TX,2022,"$7,442,848,027"
Supplemental Nutrition Assistance Program (SNAP),UT,2018,"$258,536,027"
Supplemental Nutrition Assistance Program (SNAP),UT,2019,"$234,552,832"
Supplemental Nutrition Assistance Program (SNAP),UT,2020,"$279,594,698"
Supplemental Nutrition Assistance Program (SNAP),UT,2021,"$412,957,155"
Supplemental Nutrition Assistance Program (SNAP),UT,2022,"$312,580,464"
Supplemental Nutrition Assistance Program (SNAP),VT,2018,"$106,782,062"
Supplemental Nutrition Assistance Program (SNAP),VT,2019,"$100,248,674"
Supplemental Nutrition Assistance Program (SNAP),VT,2020,"$117,478,730"
Supplemental Nutrition Assistance Program (SNAP),VT,2021,"$169,353,925"
Supplemental Nutrition Assistance Program (SNAP),VT,2022,"$148,443,497"
Supplemental Nutrition Assistance Program (SNAP),VA,2018,"$1,051,800,978"
Supplemental Nutrition Assistance Program (SNAP),VA,2019,"$1,002,380,166"
Supplemental Nutrition Assistance Program (SNAP),VA,2020,"$1,331,022,987"
Supplemental Nutrition Assistance Program (SNAP),VA,2021,"$1,901,832,165"
Supplemental Nutrition Assistance Program (SNAP),VA,2022,"$1,740,898,088"
Supplemental Nutrition Assistance Program (SNAP),WA,2018,"$1,268,734,555"
Supplemental Nutrition Assistance Program (SNAP),WA,2019,"$1,192,380,309"
Supplemental Nutrition Assistance Program (SNAP),WA,2020,"$1,598,425,639"
Supplemental Nutrition Assistance Program (SNAP),WA,2021,"$2,359,661,930"
Supplemental Nutrition Assistance Program (SNAP),WA,2022,"$1,852,775,373"
Supplemental Nutrition Assistance Program (SNAP),WV,2018,"$440,298,715"
Supplemental Nutrition Assistance Program (SNAP),WV,2019,"$397,899,950"
Supplemental Nutrition Assistance Program (SNAP),WV,2020,"$518,346,256"
Supplemental Nutrition Assistance Program (SNAP),WV,2021,"$772,297,950"
Supplemental Nutrition Assistance Program (SNAP),WV,2022,"$653,031,865"
Supplemental Nutrition Assistance Program (SNAP),WI,2018,"$816,882,114"
Supplemental Nutrition Assistance Program (SNAP),WI,2019,"$778,373,061"
Supplemental Nutrition Assistance Program (SNAP),WI,2020,"$1,104,399,935"
Supplemental Nutrition Assistance Program (SNAP),WI,2021,"$1,964,034,853"
Supplemental Nutrition Assistance Program (SNAP),WI,2022,"$1,568,526,275"
Supplemental Nutrition Assistance Program (SNAP),WY,2018,"$40,676,283"
Supplemental Nutrition Assistance Program (SNAP),WY,2019,"$36,277,115"
Supplemental Nutrition Assistance Program (SNAP),WY,2020,"$45,870,674"
Supplemental Nutrition Assistance Program (SNAP),WY,2021,"$73,313,685"
Supplemental Nutrition Assistance Program (SNAP),WY,2022,"$60,617,957"
